node1,node2,length,startLon,startLat,endLon,endLat,endNodeL,startNodeL,startYear,endYear
5,1,0.07625,-73.8736670528124,40.6832937425173,-73.727829900154,40.755026508446,0.07625,0,2021.98676369863,2022.06301369863
5,6,0.00175,-73.8736670528124,40.6832937425173,-73.9163456678437,40.6628884364274,0.00175,0,2021.98676369863,2021.98851369863
6,2,5e-04,-73.9163456678437,40.6628884364274,-73.9364212592719,40.6657682275408,0.00225,0.00175,2021.98851369863,2021.98901369863
6,7,0.01918,-73.9163456678437,40.6628884364274,-73.8044710166206,40.6168853119095,0.02093,0.00175,2021.98851369863,2022.00769369863
7,4,0.000320000000000001,-73.8044710166206,40.6168853119095,-73.7765487544661,40.5962315810254,0.02125,0.02093,2022.00769369863,2022.00801369863
7,3,0.02232,-73.8044710166206,40.6168853119095,-73.9473973265121,40.7644980692156,0.04325,0.02093,2022.00769369863,2022.03001369863
