node1,node2,length,startLon,startLat,endLon,endLat,endNodeL,startNodeL,startYear,endYear
4,1,9.99999999999998e-05,-73.9831748041493,40.7013681886032,-73.9817426620196,40.6912207434976,9.99999999999998e-05,0,2022.0270369863,2022.0271369863
4,5,0.00274,-73.9831748041493,40.7013681886032,-73.985489751856,40.7131392728347,0.00274,0,2022.0270369863,2022.0297769863
5,2,0.0003599999999,-73.985489751856,40.7131392728347,-74.0225107745805,40.6269778751382,0.0030999999999,0.00274,2022.0297769863,2022.0301369863
5,3,0.0003599999999,-73.985489751856,40.7131392728347,-73.939643438271,40.8230524201362,0.0030999999999,0.00274,2022.0297769863,2022.0301369863
