node1,node2,length,startLon,startLat,endLon,endLat,endNodeL,startNodeL,startYear,endYear
4,1,0.14133,-73.6979676504115,40.7084134396363,-73.7340467916747,40.7122535531776,0.14133,0,2021.78457410959,2021.92590410959
4,5,0.0517,-73.6979676504115,40.7084134396363,-73.6790778157854,40.7195845093492,0.0517,0,2021.78457410959,2021.83627410959
5,2,0.11163,-73.6790778157854,40.7195845093492,-73.6784947494302,40.7187921817645,0.16333,0.0517,2021.83627410959,2021.94790410959
5,3,0.12263,-73.6790778157854,40.7195845093492,-73.6237665261782,40.7293135540596,0.17433,0.0517,2021.83627410959,2021.95890410959
